p,mean,var
0.9,90.00035,9.062649877499998
0.95,94.98955,4.765440797499999
0.97,97.0073,2.90884671
0.98,97.9863,1.94371231
0.99,99.0063,0.99456031
