rolls,trials,mean,variance
1,100,3.48,3.1096
1,1000,3.552,2.8532960000000003
1,10000,3.4942,2.90656636
2,100,6.85,6.5875
2,1000,7.043,5.6831510000000005
2,10000,6.9957,5.73828151
3,100,10.7,8.850000000000001
3,1000,10.462,9.408556
3,10000,10.46,8.789000000000001
